link,size
A0 (co) A36,1
A0 (co) A28,1
A22 (co) A26,1
A27 (co) A12,1
A28 (co) A31,1
A27 (co) A30,1
A16 (co) A20,1
A6 (co) A7,1
A29 (co) A30,1
A24 (co) A12,1
A17 (co) A21,1
A21 (co) A26,1
A6 (co) A16,1
A33 (co) A10,1
A30 (co) A12,1
A35 (co) A11,1
A20 (co) A23,1
A13 (co) A10,1
A27 (co) A29,1
A0 (co) A3,1
A18 (co) A21,1
A2 (co) A3,1
A2 (co) A29,1
A1 (co) A10,1
A3 (co) A8,1
A31 (co) A33,1
A2 (co) A12,2
A32 (co) A33,1
A36 (co) A12,1
A6 (co) A36,1
A24 (co) A25,1
A19 (co) A24,1
A0 (co) A24,1
A17 (co) A22,1
A29 (co) A10,1
A16 (co) A11,2
A17 (co) A11,1
A4 (co) A2,1
A30 (co) A10,1
A22 (co) A12,1
A16 (co) A8,1
A7 (co) A9,1
A4 (co) A15,1
A19 (co) A22,1
A8 (co) A10,1
A18 (co) A24,1
A20 (co) A11,1
A0 (co) A21,1
A0 (co) A32,1
A4 (co) A29,1
A1 (co) A4,1
A14 (co) A29,1
A5 (co) A10,1
A27 (co) A33,1
A31 (co) A10,1
A1 (co) A9,1
A6 (co) A9,1
A20 (co) A26,1
A0 (co) A33,1
A4 (co) A8,1
A6 (co) A10,1
A0 (co) A13,2
A11 (co) A26,1
A4 (co) A7,1
A30 (co) A11,1
A3 (co) A10,1
A7 (co) A10,1
A31 (co) A11,1
A0 (co) A31,1
A14 (co) A10,1
A0 (co) A9,1
A19 (co) A11,1
A21 (co) A12,1
A37 (co) A8,1
A2 (co) A14,1
A16 (co) A24,1
A1 (co) A3,1
A14 (co) A32,1
A6 (co) A37,1
A10 (co) A11,2
A25 (co) A12,1
A35 (co) A12,1
A16 (co) A18,1
A18 (co) A11,1
A0 (co) A14,2
A27 (co) A32,1
A18 (co) A0,1
A36 (co) A37,1
A0 (co) A7,1
A2 (co) A7,1
A4 (co) A13,2
A3 (co) A4,1
A21 (co) A25,1
A14 (co) A33,1
A32 (co) A11,1
A27 (co) A11,1
A28 (co) A30,1
A26 (co) A12,1
A16 (co) A23,1
A9 (co) A12,1
A6 (co) A0,1
A29 (co) A31,1
A10 (co) A12,2
A35 (co) A8,1
A30 (co) A33,1
A36 (co) A8,1
A18 (co) A12,1
A35 (co) A36,1
A0 (co) A19,1
A32 (co) A12,1
A23 (co) A25,1
A27 (co) A28,1
A20 (co) A22,1
A18 (co) A20,1
A2 (co) A4,1
A2 (co) A28,1
A0 (co) A25,1
A37 (co) A12,1
A3 (co) A7,1
A5 (co) A7,1
A4 (co) A33,1
A21 (co) A11,1
A30 (co) A31,1
A28 (co) A33,1
A9 (co) A11,1
A28 (co) A10,1
A17 (co) A23,1
A15 (co) A12,1
A29 (co) A11,1
A34 (co) A36,1
A16 (co) A12,2
A34 (co) A12,1
A0 (co) A37,1
A7 (co) A8,1
A13 (co) A12,2
A13 (co) A28,1
A8 (co) A11,1
A5 (co) A9,1
A2 (co) A27,1
A0 (co) A20,1
A37 (co) A11,1
A2 (co) A31,1
A4 (co) A28,1
A2 (co) A10,2
A1 (co) A7,1
A27 (co) A10,1
A23 (co) A26,1
A4 (co) A32,1
A1 (co) A8,1
A22 (co) A11,1
A23 (co) A11,1
A8 (co) A9,1
A4 (co) A9,1
A29 (co) A12,1
A6 (co) A11,2
A0 (co) A10,2
A16 (co) A17,1
A30 (co) A32,1
A34 (co) A16,1
A35 (co) A37,1
A13 (co) A15,1
A14 (co) A11,2
A8 (co) A12,2
A18 (co) A26,1
A0 (co) A23,1
A22 (co) A23,1
A18 (co) A22,1
A1 (co) A2,1
A6 (co) A34,1
A17 (co) A0,1
A18 (co) A23,1
A31 (co) A12,1
A34 (co) A11,1
A18 (co) A19,1
A16 (co) A19,1
A21 (co) A24,1
A19 (co) A20,1
A0 (co) A15,1
A24 (co) A11,1
A3 (co) A12,1
A0 (co) A4,3
A2 (co) A8,1
A7 (co) A12,1
A4 (co) A10,2
A14 (co) A12,2
A13 (co) A32,1
A22 (co) A24,1
A2 (co) A30,1
A2 (co) A13,1
A14 (co) A31,1
A11 (co) A12,5
A21 (co) A23,1
A29 (co) A32,1
A20 (co) A12,1
A20 (co) A24,1
A28 (co) A11,1
A4 (co) A31,1
A34 (co) A0,1
A24 (co) A26,1
A31 (co) A32,1
A13 (co) A33,1
A19 (co) A25,1
A13 (co) A31,1
A17 (co) A19,1
A0 (co) A1,1
A16 (co) A0,2
A2 (co) A5,1
A1 (co) A12,1
A3 (co) A6,1
A5 (co) A6,1
A34 (co) A37,1
A0 (co) A29,1
A16 (co) A37,1
A28 (co) A32,1
A25 (co) A11,1
A16 (co) A21,1
A9 (co) A10,1
A17 (co) A20,1
A0 (co) A27,1
A33 (co) A11,1
A20 (co) A25,1
A34 (co) A35,1
A13 (co) A11,2
A13 (co) A29,1
A0 (co) A2,2
A5 (co) A8,1
A1 (co) A11,1
A3 (co) A9,1
A2 (co) A11,2
A16 (co) A22,1
A1 (co) A6,1
A28 (co) A29,1
A2 (co) A33,1
A5 (co) A12,1
A14 (co) A30,1
A11 (co) A8,1
A28 (co) A12,1
A15 (co) A11,1
A23 (co) A12,1
A17 (co) A25,1
A4 (co) A30,1
A6 (co) A12,2
A0 (co) A11,5
A17 (co) A12,1
A35 (co) A16,1
A4 (co) A5,1
A13 (co) A27,1
A20 (co) A21,1
A33 (co) A12,1
A4 (co) A14,2
A13 (co) A14,2
A27 (co) A14,1
A18 (co) A25,1
A0 (co) A22,1
A27 (co) A31,1
A16 (co) A26,1
A1 (co) A5,1
A6 (co) A35,1
A5 (co) A11,1
A23 (co) A24,1
A19 (co) A12,1
A6 (co) A8,2
A17 (co) A26,1
A19 (co) A21,1
A0 (co) A12,5
A25 (co) A26,1
A36 (co) A11,1
A4 (co) A6,1
A35 (co) A0,1
A3 (co) A11,1
A0 (co) A5,1
A2 (co) A9,1
A7 (co) A11,1
A4 (co) A11,3
A0 (co) A30,1
A0 (co) A8,2
A22 (co) A25,1
A34 (co) A8,1
A4 (co) A27,1
A16 (co) A25,1
A21 (co) A22,1
A29 (co) A33,1
A2 (co) A32,1
A28 (co) A14,1
A19 (co) A26,1
A17 (co) A24,1
A13 (co) A30,1
A32 (co) A10,1
A17 (co) A18,1
A19 (co) A23,1
A14 (co) A15,1
A0 (co) A6,1
A16 (co) A36,1
A2 (co) A6,1
A4 (co) A12,3
A3 (co) A5,1
A0 (co) A26,1
